"","ID","Description","GeneRatio","BgRatio","pvalue","p.adjust","qvalue","geneID","Count"
"GO:0007059","GO:0007059","chromosome segregation","61/407","377/18481",3.47770819139469e-35,1.26171253183799e-31,1.17180462322678e-31,"Kifc1/Tpx2/Dlgap5/Plk1/Ect2/Cdc20/Racgap1/Top2a/Kif23/Bub1/Tacc3/Ttk/Ndc80/Nuf2/Incenp/Kif4a/Spag5/Cenpf/Ncaph/Aurkb/Bub1b/Cdca8/Cenpe/Kif2c/Mybl2/Nek2/Ncapd2/Cdca2/Mastl/Nusap1/Kif18b/Cenpt/Trip13/Aurka/Knstrn/Esco2/Cdk1/Chtf18/Ube2c/Cenpi/Spc25/Fancd2/Fam83d/Sgo1/Ncapg/Knl1/Cdt1/Pttg1/Kntc1/Birc5/Spc24/Fbxo5/Cenpw/Hjurp/Kif14/Cltc/Mki67/Sgo2/Cenpq/Brd4/Syce1",61
"GO:0098813","GO:0098813","nuclear chromosome segregation","51/407","287/18481",1.70761944327332e-31,3.0976216700978e-28,2.87688938837783e-28,"Kifc1/Tpx2/Plk1/Ect2/Cdc20/Racgap1/Top2a/Kif23/Bub1/Tacc3/Ttk/Ndc80/Nuf2/Incenp/Kif4a/Spag5/Cenpf/Ncaph/Aurkb/Bub1b/Cdca8/Cenpe/Kif2c/Mybl2/Nek2/Ncapd2/Mastl/Nusap1/Kif18b/Trip13/Aurka/Knstrn/Cdk1/Ube2c/Cenpi/Spc25/Fancd2/Fam83d/Sgo1/Ncapg/Knl1/Cdt1/Pttg1/Kntc1/Birc5/Spc24/Fbxo5/Kif14/Cltc/Cenpq/Syce1",51
"GO:0000280","GO:0000280","nuclear division","55/407","446/18481",1.22202081569796e-25,1.18857039084798e-22,1.10387449112296e-22,"Kifc1/Tpx2/Plk1/Cdc20/Racgap1/Top2a/Kif23/Bub1/Ttk/Ndc80/Nuf2/Incenp/Kif4a/Cep85/Spag5/Ncaph/Aurkb/Bub1b/Cdca8/Cenpe/Kif2c/Mybl2/Nek2/Hfm1/Ncapd2/Cdca2/Mastl/Nusap1/Kif18b/Trip13/Aurka/Knstrn/Cdk1/Chtf18/Ube2c/Cenpi/Fancd2/Sgo1/Rad51/Ncapg/Knl1/Cdt1/Pttg1/Kntc1/Birc5/Fbxo5/Kif14/Cltc/Mki67/Sgo2/Rad54b/Ereg/Eme1/Syce1/Bmp7",55
"GO:0000819","GO:0000819","sister chromatid segregation","38/407","190/18481",1.31044144525687e-25,1.18857039084798e-22,1.10387449112296e-22,"Kifc1/Tpx2/Plk1/Cdc20/Racgap1/Top2a/Kif23/Bub1/Tacc3/Ttk/Ndc80/Nuf2/Kif4a/Spag5/Ncaph/Aurkb/Bub1b/Cdca8/Cenpe/Kif2c/Mybl2/Nek2/Ncapd2/Nusap1/Kif18b/Trip13/Knstrn/Cdk1/Ube2c/Cenpi/Ncapg/Knl1/Cdt1/Kntc1/Birc5/Fbxo5/Kif14/Cltc",38
"GO:0000070","GO:0000070","mitotic sister chromatid segregation","36/407","175/18481",9.25972298084269e-25,6.71885499489946e-22,6.24007858140578e-22,"Kifc1/Tpx2/Plk1/Cdc20/Racgap1/Kif23/Bub1/Ttk/Ndc80/Nuf2/Kif4a/Spag5/Ncaph/Aurkb/Bub1b/Cdca8/Cenpe/Kif2c/Mybl2/Nek2/Ncapd2/Nusap1/Kif18b/Trip13/Knstrn/Cdk1/Ube2c/Cenpi/Ncapg/Knl1/Cdt1/Kntc1/Birc5/Fbxo5/Kif14/Cltc",36
"GO:0140014","GO:0140014","mitotic nuclear division","42/407","266/18481",5.92960942154425e-24,3.58543716356042e-21,3.32994381725669e-21,"Kifc1/Tpx2/Plk1/Cdc20/Racgap1/Kif23/Bub1/Ttk/Ndc80/Nuf2/Kif4a/Cep85/Spag5/Ncaph/Aurkb/Bub1b/Cdca8/Cenpe/Kif2c/Mybl2/Nek2/Ncapd2/Cdca2/Nusap1/Kif18b/Trip13/Aurka/Knstrn/Cdk1/Ube2c/Cenpi/Ncapg/Knl1/Cdt1/Kntc1/Birc5/Fbxo5/Kif14/Cltc/Mki67/Ereg/Bmp7",42
"GO:0051301","GO:0051301","cell division","52/407","498/18481",6.28737074705273e-21,3.25865443861533e-18,3.02644718215275e-18,"Kifc1/Tpx2/Ccna2/Plk1/Ect2/Ckap2/Cdc20/Racgap1/Top2a/Kif23/Ndc80/Nuf2/Incenp/Kif4a/Cep55/Spag5/Ccnf/Ncaph/Aurkb/Septin7/Cdca8/Kif2c/Iqgap3/Ncapd2/Nusap1/Stmn1/Kif18b/Cenpt/Aurka/Knstrn/Cdca3/Cdk1/Sapcd2/Spc25/Sgo1/Ncapg/Knl1/Cenpa/Pttg1/Birc5/Spc24/E2f8/Cenpw/Kif14/Sgo2/Oip5/Pard6b/Yeats2/Ereg/Fubp1/Syce1/Myb",52
"GO:0051310","GO:0051310","metaphase chromosome alignment","22/407","88/18481",1.59005515413174e-17,6.90679877500149e-15,6.41462974490215e-15,"Kifc1/Ect2/Racgap1/Ndc80/Nuf2/Incenp/Spag5/Cenpf/Aurkb/Cdca8/Cenpe/Kif2c/Nek2/Knstrn/Spc25/Fam83d/Sgo1/Knl1/Cdt1/Spc24/Kif14/Cenpq",22
"GO:0051983","GO:0051983","regulation of chromosome segregation","23/407","99/18481",1.71337345576112e-17,6.90679877500149e-15,6.41462974490215e-15,"Plk1/Cdc20/Bub1/Tacc3/Ttk/Ndc80/Ncaph/Aurkb/Bub1b/Cenpe/Kif2c/Ncapd2/Cdca2/Trip13/Cdk1/Chtf18/Ube2c/Ncapg/Knl1/Kntc1/Birc5/Fbxo5/Mki67",23
"GO:0051303","GO:0051303","establishment of chromosome localization","23/407","104/18481",5.56003367915593e-17,2.01718021879777e-14,1.87343871652401e-14,"Kifc1/Ect2/Racgap1/Ndc80/Nuf2/Incenp/Spag5/Cenpf/Aurkb/Cdca8/Cenpe/Kif2c/Nek2/Knstrn/Spc25/Fam83d/Sgo1/Knl1/Cdt1/Birc5/Spc24/Kif14/Cenpq",23
"GO:0050000","GO:0050000","chromosome localization","23/407","111/18481",2.58307195628097e-16,8.51944096126124e-14,7.9123572555554e-14,"Kifc1/Ect2/Racgap1/Ndc80/Nuf2/Incenp/Spag5/Cenpf/Aurkb/Cdca8/Cenpe/Kif2c/Nek2/Knstrn/Spc25/Fam83d/Sgo1/Knl1/Cdt1/Birc5/Spc24/Kif14/Cenpq",23
"GO:0007051","GO:0007051","spindle organization","29/407","195/18481",3.77002112215603e-16,1.13980305259851e-13,1.05858224666855e-13,"Kifc1/Tpx2/Dlgap5/Plk1/Cdc20/Racgap1/Kif23/Tacc3/Ndc80/Nuf2/Incenp/Kif4a/Spag5/Aurkb/Cenpe/Mybl2/Nek2/Mastl/Stmn1/Aurka/Knstrn/Cdk1/Spc25/Fbxo5/Stil/Cltc/Aunip/Plk5/Poc1a",29
"GO:1902850","GO:1902850","microtubule cytoskeleton organization involved in mitosis","26/407","153/18481",4.74965431518816e-16,1.32551891196174e-13,1.2310642480095e-13,"Kifc1/Tpx2/Dlgap5/Plk1/Cdc20/Racgap1/Kif23/Tacc3/Ndc80/Nuf2/Kif4a/Aurkb/Cenpe/Mybl2/Nek2/Nusap1/Stmn1/Aurka/Cdk1/Sapcd2/Spc25/Cenpa/Stil/Cltc/Plk5/Poc1a",26
"GO:0008608","GO:0008608","attachment of spindle microtubules to kinetochore","15/407","39/18481",1.6712176510937e-15,4.33084117011996e-13,4.02223135424882e-13,"Ect2/Racgap1/Ndc80/Nuf2/Spag5/Aurkb/Cenpe/Kif2c/Nek2/Knstrn/Spc25/Sgo1/Knl1/Cdt1/Spc24",15
"GO:0010948","GO:0010948","negative regulation of cell cycle process","34/407","313/18481",1.62257575806499e-14,3.9244699001732e-12,3.64481754495863e-12,"Kifc1/Plk1/Gpnmb/Bub1/Ttk/Ndc80/Ccnf/Aurkb/Bub1b/Slfn13/Cenpe/Nek2/Trip13/Cdk1/Prox1/Chtf18/Fancd2/Knl1/Cdt1/Kntc1/Birc5/Rnaseh2b/Ccl2/Recql4/Fbxo5/E2f8/Dtx3l/Dact1/Eme1/Brd4/Necab3/Bmp7/Rad17/Rpa2",34
"GO:0007052","GO:0007052","mitotic spindle organization","22/407","120/18481",1.73663522535925e-14,3.9378203735021e-12,3.65721668182564e-12,"Kifc1/Tpx2/Dlgap5/Plk1/Cdc20/Racgap1/Kif23/Tacc3/Ndc80/Nuf2/Kif4a/Aurkb/Cenpe/Mybl2/Nek2/Stmn1/Aurka/Spc25/Stil/Cltc/Plk5/Poc1a",22
"GO:1901987","GO:1901987","regulation of cell cycle phase transition","39/407","424/18481",4.33677048143623e-14,9.25517841567685e-12,8.59566706568258e-12,"Plk1/Cdc20/Rrm2/Gpnmb/Bub1/Ttk/Ndc80/Cenpf/Aurkb/Bub1b/Slfn13/Cenpe/Trip13/Cdk1/Prox1/Ube2c/Fancd2/Fam83d/Knl1/Cdt1/Kntc1/Birc5/Rnaseh2b/Ccl2/Fbxo5/Kif14/Stil/Stxbp4/Dtx3l/Dact1/Eme1/Appl1/Brd4/Rad51b/Necab3/Rad17/Rpa2/Ppp2ca/Plk5",39
"GO:0007346","GO:0007346","regulation of mitotic cell cycle","42/407","490/18481",4.90039423892884e-14,9.87701683268546e-12,9.17319412795978e-12,"Dlgap5/Plk1/Cdc20/Rrm2/Gpnmb/Bub1/Ttk/Ndc80/Cenpf/Aurkb/Bub1b/Slfn13/Cenpe/Cdca2/Nusap1/Trip13/Aurka/Cdk1/Ube2c/Fancd2/Knl1/Kntc1/Birc5/Rnaseh2b/Ccl2/Gmnn/Fbxo5/Kif14/Stil/Mki67/Dact1/Ereg/Eme1/Appl1/Brd4/Rad51b/Necab3/Bmp7/Rad17/Rpa2/Ppp2ca/Plk5",42
"GO:0051321","GO:0051321","meiotic cell cycle","31/407","274/18481",8.08723140631941e-14,1.54423555484878e-11,1.43419544219548e-11,"Plk1/Cdc20/Top2a/Rpa1/Ttk/Ndc80/Nuf2/Incenp/Ncaph/Cenpe/Hfm1/Ncapd2/Mastl/Trip13/Aurka/Cdk1/Chtf18/Fancd2/Sgo1/Rad51/Pttg1/Birc5/Fbxo5/Mki67/Sgo2/Rad54b/Mns1/Ereg/Eme1/Syce1/Ppp2ca",31
"GO:0044772","GO:0044772","mitotic cell cycle phase transition","39/407","436/18481",1.06702689059379e-13,1.93558677953714e-11,1.79765951410039e-11,"Ccna2/Plk1/Cdc20/Rrm2/Gpnmb/Bub1/Tacc3/Ttk/Ndc80/Ccnf/Cenpf/Aurkb/Bub1b/Slfn13/Cenpe/Iqgap3/Mastl/Trip13/Cdk1/Foxm1/Ube2c/Knl1/Kntc1/Birc5/Rnaseh2b/Ccl2/Fbxo5/Kif14/Stil/Dact1/Appl1/Brd4/Rad51b/Necab3/Rad17/Rpa2/Ppp2ca/Myb/Plk5",39
"GO:0090068","GO:0090068","positive regulation of cell cycle process","31/407","279/18481",1.32408577508928e-13,2.28751580572566e-11,2.12451055942896e-11,"Ect2/Cdc20/Racgap1/Rrm2/Kif23/Bub1/Ndc80/Spag5/Ncaph/Aurkb/Cenpe/Ncapd2/Mastl/Nusap1/Aurka/Cdk1/Ube2c/Fam83d/Ncapg/Birc5/Fbxo5/E2f8/Kif14/Stil/Stxbp4/Sgo2/Ddx11/Ereg/Brd4/Rad51b/Poc1a",31
"GO:0045786","GO:0045786","negative regulation of cell cycle","36/407","391/18481",4.21112892996697e-13,6.94453443541825e-11,6.44967641379151e-11,"Kifc1/Plk1/Gpnmb/Bub1/Ttk/Ndc80/Ccnf/Aurkb/Bub1b/Slfn13/Cenpe/Nek2/Trip13/Cdk1/Prox1/Chtf18/Fancd2/Knl1/Cdt1/Kntc1/Birc5/Rnaseh2b/Ccl2/Recql4/Gmnn/Fbxo5/E2f8/Dtx3l/Dact1/Eme1/Mapk12/Brd4/Necab3/Bmp7/Rad17/Rpa2",36
"GO:1905818","GO:1905818","regulation of chromosome separation","16/407","65/18481",5.5266321922932e-13,8.71766156245206e-11,8.0964529279316e-11,"Plk1/Cdc20/Bub1/Ttk/Ndc80/Ncaph/Bub1b/Cenpe/Ncapd2/Trip13/Ube2c/Ncapg/Knl1/Kntc1/Birc5/Fbxo5",16
"GO:1901990","GO:1901990","regulation of mitotic cell cycle phase transition","32/407","322/18481",1.14935071230534e-12,1.73743516010158e-10,1.61362790793395e-10,"Plk1/Cdc20/Rrm2/Gpnmb/Bub1/Ttk/Ndc80/Cenpf/Aurkb/Bub1b/Slfn13/Cenpe/Trip13/Cdk1/Ube2c/Knl1/Kntc1/Birc5/Rnaseh2b/Ccl2/Fbxo5/Kif14/Stil/Dact1/Appl1/Brd4/Rad51b/Necab3/Rad17/Rpa2/Ppp2ca/Plk5",32
"GO:0045787","GO:0045787","positive regulation of cell cycle","33/407","351/18481",2.34970923321959e-12,3.40989803924827e-10,3.16691337075196e-10,"Ect2/Cdc20/Racgap1/Rrm2/Kif23/Bub1/Fosl1/Ndc80/Spag5/Ncaph/Aurkb/Cenpe/Ncapd2/Mastl/Nusap1/Aurka/Cdk1/Prox1/Ube2c/Fam83d/Ncapg/Birc5/Fbxo5/E2f8/Kif14/Stil/Stxbp4/Sgo2/Ddx11/Ereg/Brd4/Rad51b/Poc1a",33
"GO:1903046","GO:1903046","meiotic cell cycle process","27/407","237/18481",2.89521730351468e-12,4.03994168351972e-10,3.7520609670245e-10,"Plk1/Cdc20/Top2a/Ttk/Ndc80/Nuf2/Incenp/Ncaph/Cenpe/Hfm1/Ncapd2/Mastl/Trip13/Aurka/Cdk1/Chtf18/Fancd2/Sgo1/Rad51/Pttg1/Birc5/Fbxo5/Sgo2/Rad54b/Ereg/Eme1/Syce1",27
"GO:0033045","GO:0033045","regulation of sister chromatid segregation","16/407","72/18481",3.04957655475387e-12,4.09772731135075e-10,3.80572887008465e-10,"Plk1/Cdc20/Bub1/Tacc3/Ttk/Ndc80/Aurkb/Bub1b/Cenpe/Trip13/Cdk1/Ube2c/Knl1/Kntc1/Birc5/Fbxo5",16
"GO:0051304","GO:0051304","chromosome separation","16/407","73/18481",3.82786599885597e-12,4.95982065851766e-10,4.60639062493908e-10,"Plk1/Cdc20/Bub1/Ttk/Ndc80/Ncaph/Bub1b/Cenpe/Ncapd2/Trip13/Ube2c/Ncapg/Knl1/Kntc1/Birc5/Fbxo5",16
"GO:0140013","GO:0140013","meiotic nuclear division","25/407","209/18481",6.40545927201888e-12,8.01345042720155e-10,7.44242291460343e-10,"Plk1/Cdc20/Top2a/Ttk/Ndc80/Nuf2/Incenp/Ncaph/Cenpe/Hfm1/Mastl/Trip13/Aurka/Chtf18/Fancd2/Sgo1/Rad51/Pttg1/Birc5/Fbxo5/Sgo2/Rad54b/Ereg/Eme1/Syce1",25
"GO:0006260","GO:0006260","DNA replication","28/407","267/18481",8.55430067021732e-12,1.03450009438495e-09,9.60783033170725e-10,"Mcm5/Ccna2/Tk1/Rrm2/Rpa1/Fam111a/Slfn13/Mcm7/Esco2/Cdk1/Mms22l/Rad51/Cdt1/Mcm10/Gins1/Traip/Recql4/Gmnn/Fbxo5/E2f8/Dscc1/Pole2/Ddx11/Polq/Ereg/Eme1/Rad17/Rpa2",28
"GO:0033047","GO:0033047","regulation of mitotic sister chromatid segregation","13/407","48/18481",2.27288192654133e-11,2.63127668494389e-09,2.44377550876382e-09,"Plk1/Bub1/Ttk/Ndc80/Aurkb/Bub1b/Cenpe/Trip13/Cdk1/Knl1/Kntc1/Birc5/Fbxo5",13
"GO:0007088","GO:0007088","regulation of mitotic nuclear division","18/407","108/18481",2.3208614641181e-11,2.63127668494389e-09,2.44377550876382e-09,"Plk1/Cdc20/Bub1/Ttk/Ndc80/Bub1b/Cenpe/Cdca2/Nusap1/Trip13/Ube2c/Knl1/Kntc1/Birc5/Fbxo5/Mki67/Ereg/Bmp7",18
"GO:1901988","GO:1901988","negative regulation of cell cycle phase transition","27/407","262/18481",3.0542764448997e-11,3.35785301275639e-09,3.11857700163443e-09,"Plk1/Gpnmb/Bub1/Ttk/Ndc80/Aurkb/Bub1b/Slfn13/Cenpe/Trip13/Cdk1/Prox1/Fancd2/Knl1/Cdt1/Kntc1/Birc5/Rnaseh2b/Ccl2/Fbxo5/Dtx3l/Dact1/Eme1/Brd4/Necab3/Rad17/Rpa2",27
"GO:0007091","GO:0007091","metaphase/anaphase transition of mitotic cell cycle","14/407","60/18481",3.49061922905529e-11,3.72469604794488e-09,3.45927930408854e-09,"Plk1/Cdc20/Bub1/Tacc3/Ttk/Ndc80/Bub1b/Cenpe/Trip13/Ube2c/Knl1/Kntc1/Birc5/Fbxo5",14
"GO:0033044","GO:0033044","regulation of chromosome organization","24/407","208/18481",3.68289379392932e-11,3.81758248125016e-09,3.54554677725346e-09,"Plk1/Cdc20/Top2a/Bub1/Tacc3/Ttk/Ndc80/Ncaph/Aurkb/Bub1b/Cenpe/Nek2/Ncapd2/Trip13/Cdk1/Ube2c/Ncapg/Knl1/Kntc1/Birc5/Recql4/Fbxo5/Sgo2/Ddx11",24
"GO:0010965","GO:0010965","regulation of mitotic sister chromatid separation","13/407","50/18481",4.01693761215014e-11,4.04818046024465e-09,3.75971265979316e-09,"Plk1/Cdc20/Bub1/Ttk/Ndc80/Bub1b/Cenpe/Trip13/Ube2c/Knl1/Kntc1/Birc5/Fbxo5",13
"GO:0044784","GO:0044784","metaphase/anaphase transition of cell cycle","14/407","63/18481",7.08510711048243e-11,6.94723475590007e-09,6.45218431313066e-09,"Plk1/Cdc20/Bub1/Tacc3/Ttk/Ndc80/Bub1b/Cenpe/Trip13/Ube2c/Knl1/Kntc1/Birc5/Fbxo5",14
"GO:0051306","GO:0051306","mitotic sister chromatid separation","13/407","53/18481",8.97067212135786e-11,8.56463117270693e-09,7.95432727436746e-09,"Plk1/Cdc20/Bub1/Ttk/Ndc80/Bub1b/Cenpe/Trip13/Ube2c/Knl1/Kntc1/Birc5/Fbxo5",13
"GO:0034508","GO:0034508","centromere complex assembly","10/407","26/18481",9.32383725155327e-11,8.67355937144494e-09,8.0554933987104e-09,"Dlgap5/Cenpe/Cenpt/Cenpi/Cenpa/Kntc1/Cenpw/Hjurp/Cenpo/Cenpp",10
"GO:0000075","GO:0000075","cell cycle checkpoint signaling","22/407","182/18481",9.83409280724671e-11,8.91952217617276e-09,8.28392923052545e-09,"Plk1/Bub1/Ttk/Ndc80/Aurkb/Bub1b/Cenpe/Trip13/Cdk1/Prox1/Fancd2/Knl1/Cdt1/Kntc1/Birc5/Rnaseh2b/Dtx3l/Eme1/Brd4/Necab3/Rad17/Rpa2",22
"GO:0051985","GO:0051985","negative regulation of chromosome segregation","12/407","44/18481",1.23645783957211e-10,1.0941144004799e-08,1.01614930538391e-08,"Plk1/Bub1/Ttk/Ndc80/Bub1b/Cenpe/Trip13/Chtf18/Knl1/Kntc1/Birc5/Fbxo5",12
"GO:0030071","GO:0030071","regulation of mitotic metaphase/anaphase transition","13/407","55/18481",1.48665513186871e-10,1.28418686152849e-08,1.19267746293527e-08,"Plk1/Cdc20/Bub1/Ttk/Ndc80/Bub1b/Cenpe/Trip13/Ube2c/Knl1/Kntc1/Birc5/Fbxo5",13
"GO:0051225","GO:0051225","spindle assembly","18/407","122/18481",1.88267432394283e-10,1.588451731922e-08,1.47526083499168e-08,"Kifc1/Tpx2/Plk1/Cdc20/Racgap1/Kif23/Ndc80/Incenp/Kif4a/Spag5/Aurkb/Cenpe/Mybl2/Nek2/Mastl/Aurka/Fbxo5/Cltc",18
"GO:0007143","GO:0007143","female meiotic nuclear division","12/407","46/18481",2.19220007015008e-10,1.80756860329648e-08,1.67876373793072e-08,"Plk1/Top2a/Ttk/Ndc80/Ncaph/Cenpe/Mastl/Trip13/Aurka/Fbxo5/Sgo2/Ereg",12
"GO:1902099","GO:1902099","regulation of metaphase/anaphase transition of cell cycle","13/407","58/18481",3.04484129758683e-10,2.45481871725445e-08,2.27989169440361e-08,"Plk1/Cdc20/Bub1/Ttk/Ndc80/Bub1b/Cenpe/Trip13/Ube2c/Knl1/Kntc1/Birc5/Fbxo5",13
"GO:0051656","GO:0051656","establishment of organelle localization","34/407","450/18481",4.26151193733791e-10,3.36103593666564e-08,3.12153311474111e-08,"Bloc1s3/Kifc1/Hmox1/Plk1/Ect2/Racgap1/Tacc3/Ndc80/Nuf2/Incenp/Spag5/Cenpf/Agtpbp1/Aurkb/Cdca8/Cenpe/Kif2c/Nek2/Nusap1/Knstrn/Map2/Sapcd2/Spc25/Fam83d/Sgo1/Knl1/Cenpa/Cdt1/Birc5/Spc24/Kif14/Cenpq/Bicdl2/Mreg",34
"GO:0045839","GO:0045839","negative regulation of mitotic nuclear division","12/407","49/18481",4.89703818808928e-10,3.78009671199743e-08,3.51073219262571e-08,"Plk1/Bub1/Ttk/Ndc80/Bub1b/Cenpe/Trip13/Knl1/Kntc1/Birc5/Fbxo5/Bmp7",12
"GO:0033046","GO:0033046","negative regulation of sister chromatid segregation","11/407","40/18481",6.72887767664301e-10,4.78673886487467e-08,4.44564240308241e-08,"Plk1/Bub1/Ttk/Ndc80/Bub1b/Cenpe/Trip13/Knl1/Kntc1/Birc5/Fbxo5",11
"GO:0033048","GO:0033048","negative regulation of mitotic sister chromatid segregation","11/407","40/18481",6.72887767664301e-10,4.78673886487467e-08,4.44564240308241e-08,"Plk1/Bub1/Ttk/Ndc80/Bub1b/Cenpe/Trip13/Knl1/Kntc1/Birc5/Fbxo5",11
"GO:0045841","GO:0045841","negative regulation of mitotic metaphase/anaphase transition","11/407","40/18481",6.72887767664301e-10,4.78673886487467e-08,4.44564240308241e-08,"Plk1/Bub1/Ttk/Ndc80/Bub1b/Cenpe/Trip13/Knl1/Kntc1/Birc5/Fbxo5",11
"GO:2000816","GO:2000816","negative regulation of mitotic sister chromatid separation","11/407","40/18481",6.72887767664301e-10,4.78673886487467e-08,4.44564240308241e-08,"Plk1/Bub1/Ttk/Ndc80/Bub1b/Cenpe/Trip13/Knl1/Kntc1/Birc5/Fbxo5",11
"GO:0000281","GO:0000281","mitotic cytokinesis","14/407","74/18481",6.93406065013801e-10,4.83784077667321e-08,4.49310286256919e-08,"Plk1/Ect2/Ckap2/Racgap1/Kif23/Incenp/Kif4a/Cep55/Septin7/Iqgap3/Nusap1/Stmn1/Cenpa/Birc5",14
"GO:0006261","GO:0006261","DNA-templated DNA replication","19/407","149/18481",7.58476933381419e-10,5.19198927227885e-08,4.82201522096112e-08,"Mcm5/Tk1/Fam111a/Slfn13/Mcm7/Mms22l/Rad51/Cdt1/Mcm10/Gins1/Traip/Recql4/Gmnn/Fbxo5/E2f8/Pole2/Ddx11/Polq/Eme1",19
"GO:1902100","GO:1902100","negative regulation of metaphase/anaphase transition of cell cycle","11/407","42/18481",1.19757147728541e-09,7.89961694471173e-08,7.33670105031691e-08,"Plk1/Bub1/Ttk/Ndc80/Bub1b/Cenpe/Trip13/Knl1/Kntc1/Birc5/Fbxo5",11
"GO:1905819","GO:1905819","negative regulation of chromosome separation","11/407","42/18481",1.19757147728541e-09,7.89961694471173e-08,7.33670105031691e-08,"Plk1/Bub1/Ttk/Ndc80/Bub1b/Cenpe/Trip13/Knl1/Kntc1/Birc5/Fbxo5",11
"GO:0051783","GO:0051783","regulation of nuclear division","18/407","141/18481",2.09305916997406e-09,1.35600333369034e-07,1.2593763915577e-07,"Plk1/Cdc20/Bub1/Ttk/Ndc80/Bub1b/Cenpe/Cdca2/Nusap1/Trip13/Ube2c/Knl1/Kntc1/Birc5/Fbxo5/Mki67/Ereg/Bmp7",18
"GO:0051784","GO:0051784","negative regulation of nuclear division","12/407","58/18481",3.95801716607771e-09,2.51924320675963e-07,2.33972538293901e-07,"Plk1/Bub1/Ttk/Ndc80/Bub1b/Cenpe/Trip13/Knl1/Kntc1/Birc5/Fbxo5/Bmp7",12
"GO:0051383","GO:0051383","kinetochore organization","8/407","20/18481",5.16291661450345e-09,3.2294933581756e-07,2.99936408040391e-07,"Dlgap5/Ndc80/Nuf2/Cenpe/Cenpt/Cenpa/Kntc1/Cenpw",8
"GO:0007094","GO:0007094","mitotic spindle assembly checkpoint signaling","10/407","38/18481",6.55254168641923e-09,3.89715102267688e-07,3.61944537329214e-07,"Plk1/Bub1/Ttk/Ndc80/Bub1b/Cenpe/Trip13/Knl1/Kntc1/Birc5",10
"GO:0071173","GO:0071173","spindle assembly checkpoint signaling","10/407","38/18481",6.55254168641923e-09,3.89715102267688e-07,3.61944537329214e-07,"Plk1/Bub1/Ttk/Ndc80/Bub1b/Cenpe/Trip13/Knl1/Kntc1/Birc5",10
"GO:0071174","GO:0071174","mitotic spindle checkpoint signaling","10/407","38/18481",6.55254168641923e-09,3.89715102267688e-07,3.61944537329214e-07,"Plk1/Bub1/Ttk/Ndc80/Bub1b/Cenpe/Trip13/Knl1/Kntc1/Birc5",10
"GO:0061640","GO:0061640","cytoskeleton-dependent cytokinesis","15/407","103/18481",7.51562233440976e-09,4.39785126278042e-07,4.08446639939654e-07,"Plk1/Ect2/Ckap2/Racgap1/Kif23/Incenp/Kif4a/Cep55/Aurkb/Septin7/Iqgap3/Nusap1/Stmn1/Cenpa/Birc5",15
"GO:0031577","GO:0031577","spindle checkpoint signaling","10/407","39/18481",8.640453680983e-09,4.97580411977878e-07,4.62123512662098e-07,"Plk1/Bub1/Ttk/Ndc80/Bub1b/Cenpe/Trip13/Knl1/Kntc1/Birc5",10
"GO:0061982","GO:0061982","meiosis I cell cycle process","17/407","139/18481",1.13690271664166e-08,6.44481727496238e-07,5.98556841442424e-07,"Plk1/Cdc20/Top2a/Ndc80/Cenpe/Hfm1/Trip13/Aurka/Chtf18/Fancd2/Rad51/Pttg1/Birc5/Fbxo5/Rad54b/Eme1/Syce1",17
"GO:0045930","GO:0045930","negative regulation of mitotic cell cycle","22/407","238/18481",1.60207282476489e-08,8.94203108961079e-07,8.30483418959094e-07,"Plk1/Gpnmb/Bub1/Ttk/Ndc80/Aurkb/Bub1b/Slfn13/Cenpe/Trip13/Cdk1/Fancd2/Knl1/Kntc1/Birc5/Ccl2/Fbxo5/Dact1/Eme1/Bmp7/Rad17/Rpa2",22
"GO:0071459","GO:0071459","protein localization to chromosome, centromeric region","8/407","23/18481",1.89631898664555e-08,1.04240080053788e-06,9.68120745813779e-07,"Ttk/Aurkb/Bub1b/Cdk1/Knl1/Cenpa/Kntc1/Cenpq",8
"GO:1901991","GO:1901991","negative regulation of mitotic cell cycle phase transition","19/407","181/18481",1.99863131341851e-08,1.08224394105707e-06,1.00512471865713e-06,"Plk1/Gpnmb/Bub1/Ttk/Ndc80/Aurkb/Bub1b/Slfn13/Cenpe/Trip13/Cdk1/Knl1/Kntc1/Birc5/Ccl2/Fbxo5/Dact1/Rad17/Rpa2",19
"GO:0000910","GO:0000910","cytokinesis","18/407","169/18481",3.77275358074126e-08,2.01287499866607e-06,1.86944028048805e-06,"Plk1/Ect2/Ckap2/Racgap1/Kif23/Incenp/Kif4a/Cep55/Aurkb/Septin7/Iqgap3/Nusap1/Stmn1/Aurka/Cenpa/Birc5/E2f8/Kif14",18
"GO:0051988","GO:0051988","regulation of attachment of spindle microtubules to kinetochore","7/407","17/18481",3.83665144424484e-08,2.01730020865511e-06,1.87355015606831e-06,"Ect2/Racgap1/Spag5/Aurkb/Cenpe/Nek2/Knstrn",7
"GO:0007127","GO:0007127","meiosis I","16/407","133/18481",3.89645794903787e-08,2.01947849130134e-06,1.87557321727372e-06,"Plk1/Top2a/Ndc80/Cenpe/Hfm1/Trip13/Aurka/Chtf18/Fancd2/Rad51/Pttg1/Birc5/Fbxo5/Rad54b/Eme1/Syce1",16
"GO:0045132","GO:0045132","meiotic chromosome segregation","14/407","100/18481",3.99557970765112e-08,2.04168495483919e-06,1.89619727860507e-06,"Plk1/Ttk/Ndc80/Nuf2/Ncaph/Cenpe/Mastl/Trip13/Aurka/Fancd2/Sgo1/Pttg1/Fbxo5/Syce1",14
"GO:2001251","GO:2001251","negative regulation of chromosome organization","13/407","85/18481",4.16130234844237e-08,2.09683401668735e-06,1.94741649376667e-06,"Plk1/Top2a/Bub1/Ttk/Ndc80/Bub1b/Cenpe/Trip13/Knl1/Kntc1/Birc5/Recql4/Fbxo5",13
"GO:0007093","GO:0007093","mitotic cell cycle checkpoint signaling","16/407","134/18481",4.33691385586603e-08,2.15538677658657e-06,2.00179686411351e-06,"Plk1/Bub1/Ttk/Ndc80/Aurkb/Bub1b/Cenpe/Trip13/Cdk1/Fancd2/Knl1/Kntc1/Birc5/Eme1/Rad17/Rpa2",16
"GO:0071103","GO:0071103","DNA conformation change","13/407","87/18481",5.53851574189735e-08,2.71536960967616e-06,2.52187608674444e-06,"Mcm5/Top2a/Hmgb2/Hfm1/Mcm7/Chtf18/Rad51/Hmgb2l1/Gins1/Recql4/Dscc1/Ddx11/Polq",13
"GO:0065004","GO:0065004","protein-DNA complex assembly","17/407","160/18481",9.36571994316318e-08,4.5305109271728e-06,4.2076729176232e-06,"Dlgap5/Hmgb2/Cenpe/Cenpt/Cenpi/Hils1/Rad51/Asf1b/Cenpa/Cdt1/Kntc1/Chaf1b/Gmnn/Cenpw/Hjurp/Cenpo/Cenpp",17
"GO:0006310","GO:0006310","DNA recombination","24/407","315/18481",1.4565980914721e-07,6.95333931034312e-06,6.45785386537699e-06,"Mcm5/Top2a/Rpa1/Hmgb2/Hfm1/Mcm7/Trip13/Chtf18/Mms22l/Fancd2/Hils1/Rad51/Hmgb2l1/Recql4/Rad54l/Exo1/Parpbp/Hrob/Rad54b/Polq/Aunip/Eme1/Rad51b/Rpa2",24
"GO:0007292","GO:0007292","female gamete generation","18/407","185/18481",1.51520796809008e-07,7.13918767302701e-06,6.63045892803327e-06,"Plk1/Cdc20/Top2a/Pgr/Fosl1/Ttk/Ndc80/Ncaph/Cenpe/Mastl/Trip13/Aurka/Cdk1/Fbxo5/Sgo2/Hrob/Ereg/Ybx2",18
"GO:0140694","GO:0140694","non-membrane-bounded organelle assembly","28/407","413/18481",1.54272807018923e-07,7.17566338288014e-06,6.66433542871217e-06,"Flnc/Kifc1/Tpx2/Dlgap5/Plk1/Cdc20/Racgap1/Kif23/Ndc80/Incenp/Kif4a/Cep85/Spag5/Aurkb/Cenpe/Mybl2/Nek2/Mastl/Cenpt/Aurka/Prox1/Cenpa/Kntc1/Fbxo5/Cenpw/Stil/Cltc/Tnnt2",28
"GO:0090307","GO:0090307","mitotic spindle assembly","11/407","67/18481",2.1935388570292e-07,1.00736189535468e-05,9.35578665070016e-06,"Kifc1/Tpx2/Plk1/Cdc20/Racgap1/Kif23/Kif4a/Aurkb/Mybl2/Nek2/Cltc",11
"GO:0006302","GO:0006302","double-strand break repair","22/407","276/18481",2.23166988236494e-07,1.0120622916525e-05,9.39944117559234e-06,"Mcm5/Rpa1/Hmgb2/Mcm7/Hmga2/Trip13/Esco2/Foxm1/Mms22l/Fancd2/Rad51/Recql4/Rad54l/Parpbp/Ddx11/Rad54b/Polq/Dtx3l/Aunip/Eme1/Rad51b/Rpa2",22
"GO:0007062","GO:0007062","sister chromatid cohesion","10/407","57/18481",4.12142826515165e-07,1.84599280814447e-05,1.71444988651728e-05,"Cdc20/Bub1/Bub1b/Esco2/Sgo1/Pttg1/Recql4/Dscc1/Sgo2/Ddx11",10
"GO:0034501","GO:0034501","protein localization to kinetochore","6/407","15/18481",4.65150201140556e-07,2.01883546278986e-05,1.87497601009411e-05,"Ttk/Aurkb/Cdk1/Knl1/Kntc1/Cenpq",6
"GO:1903083","GO:1903083","protein localization to condensed chromosome","6/407","15/18481",4.65150201140556e-07,2.01883546278986e-05,1.87497601009411e-05,"Ttk/Aurkb/Cdk1/Knl1/Kntc1/Cenpq",6
"GO:0032508","GO:0032508","DNA duplex unwinding","11/407","72/18481",4.67426071869759e-07,2.01883546278986e-05,1.87497601009411e-05,"Mcm5/Top2a/Hfm1/Mcm7/Chtf18/Rad51/Gins1/Recql4/Dscc1/Ddx11/Polq",11
"GO:0051382","GO:0051382","kinetochore assembly","6/407","16/18481",7.3043833162791e-07,3.11768266723066e-05,2.89552086630457e-05,"Dlgap5/Cenpe/Cenpt/Cenpa/Kntc1/Cenpw",6
"GO:0034502","GO:0034502","protein localization to chromosome","13/407","109/18481",8.16897718641822e-07,3.44616851538666e-05,3.20059926238981e-05,"Plk1/Rpa1/Ttk/Aurkb/Bub1b/Esco2/Cdk1/Mms22l/Knl1/Cenpa/Kntc1/Cenpq/Rpa2",13
"GO:0032392","GO:0032392","DNA geometric change","11/407","77/18481",9.36366071832461e-07,3.90475414782548e-05,3.62650671014605e-05,"Mcm5/Top2a/Hfm1/Mcm7/Chtf18/Rad51/Gins1/Recql4/Dscc1/Ddx11/Polq",11
"GO:0010639","GO:0010639","negative regulation of organelle organization","25/407","376/18481",1.03290102055115e-06,4.25836920745407e-05,3.95492364447876e-05,"Gdi2/Kifc1/Tpx2/Plk1/Ckap2/Top2a/Bub1/Ttk/Ndc80/Ccnf/Bub1b/Cenpe/Stmn1/Trip13/Map2/Knl1/Kntc1/Birc5/Recql4/Fbxo5/Tlr2/Scin/Clec16a/Kif24/Bmp7",25
"GO:0051255","GO:0051255","spindle midzone assembly","5/407","10/18481",1.16298795821424e-06,4.7408093397767e-05,4.40298575309732e-05,"Racgap1/Kif23/Incenp/Kif4a/Aurkb",5
"GO:0051315","GO:0051315","attachment of mitotic spindle microtubules to kinetochore","6/407","18/18481",1.63110043913221e-06,6.57514710352408e-05,6.10661111773358e-05,"Ndc80/Nuf2/Aurkb/Cenpe/Kif2c/Cdt1",6
"GO:0007080","GO:0007080","mitotic metaphase chromosome alignment","9/407","53/18481",2.09725429036678e-06,8.36136106093481e-05,7.76554191262471e-05,"Kifc1/Ndc80/Nuf2/Aurkb/Cdca8/Cenpe/Kif2c/Cdt1/Kif14",9
"GO:0044839","GO:0044839","cell cycle G2/M phase transition","15/407","158/18481",2.25221199783866e-06,8.88154905234637e-05,8.24866201954411e-05,"Ccna2/Plk1/Ndc80/Cenpf/Aurkb/Mastl/Cdk1/Foxm1/Birc5/Rnaseh2b/Fbxo5/Kif14/Brd4/Rad51b/Rad17",15
"GO:0000086","GO:0000086","G2/M transition of mitotic cell cycle","14/407","140/18481",2.65024146911097e-06,0.000103387914515426,9.60206331932566e-05,"Ccna2/Plk1/Cenpf/Aurkb/Mastl/Cdk1/Foxm1/Birc5/Rnaseh2b/Fbxo5/Kif14/Brd4/Rad51b/Rad17",14
"GO:0030261","GO:0030261","chromosome condensation","8/407","44/18481",4.57194668819132e-06,0.000176457687071895,0.000163883553739087,"Top2a/Ncaph/Ncapd2/Mastl/Nusap1/Cdk1/Hils1/Ncapg",8
"GO:0007144","GO:0007144","female meiosis I","5/407","14/18481",8.58921424356099e-06,0.000324600721621242,0.000301470118351302,"Ndc80/Cenpe/Trip13/Aurka/Fbxo5",5
"GO:0090306","GO:0090306","meiotic spindle assembly","5/407","14/18481",8.58921424356099e-06,0.000324600721621242,0.000301470118351302,"Ndc80/Cenpe/Mastl/Aurka/Fbxo5",5
"GO:0044843","GO:0044843","cell cycle G1/S phase transition","18/407","248/18481",1.04367829892411e-05,0.000390357202937802,0.000362540882784165,"Ccna2/Rrm2/Gpnmb/Slfn13/Iqgap3/Fam83d/Ccl2/Kif14/Stil/Stxbp4/Dact1/Appl1/Brd4/Necab3/Rpa2/Ppp2ca/Myb/Plk5",18
"GO:0007018","GO:0007018","microtubule-based movement","25/407","434/18481",1.29290983816575e-05,0.000478640499271973,0.000444533232220039,"Ttc12/Tekt2/Bloc1s3/Kifc1/Kif23/Dnai1/Rabl2/Kif4a/Agtpbp1/Cenpe/Kif2c/Cfap47/Kif18b/Kif15/Map2/Kif14/Ofd1/Tekt5/Mns1/Bicdl2/Kif24/Mreg/Ttll9/Kif3c/Tssk4",25
"GO:0000212","GO:0000212","meiotic spindle organization","6/407","25/18481",1.36535825040346e-05,0.000495351973246376,0.000460053869425419,"Ndc80/Cenpe/Mastl/Aurka/Cdk1/Fbxo5",6
"GO:1905820","GO:1905820","positive regulation of chromosome separation","6/407","25/18481",1.36535825040346e-05,0.000495351973246376,0.000460053869425419,"Cdc20/Ncaph/Cenpe/Ncapd2/Ube2c/Ncapg",6
"GO:0000725","GO:0000725","recombinational repair","14/407","164/18481",1.6665160260495e-05,0.000593908702687305,0.000551587581182053,"Mcm5/Rpa1/Mcm7/Mms22l/Rad51/Recql4/Rad54l/Parpbp/Hrob/Rad54b/Polq/Aunip/Rad51b/Rpa2",14
"GO:0044786","GO:0044786","cell cycle DNA replication","7/407","38/18481",1.66975434603377e-05,0.000593908702687305,0.000551587581182053,"Tk1/Rad51/Cdt1/Gins1/Gmnn/Fbxo5/E2f8",7
"GO:0051984","GO:0051984","positive regulation of chromosome segregation","6/407","26/18481",1.74217042450047e-05,0.00061364993204735,0.000569922077549924,"Ncaph/Aurkb/Cenpe/Ncapd2/Cdk1/Ncapg",6
"GO:1901989","GO:1901989","positive regulation of cell cycle phase transition","12/407","124/18481",1.91235860924526e-05,0.000667118945609787,0.00061958096236782,"Cdc20/Rrm2/Cenpe/Cdk1/Ube2c/Fam83d/Birc5/Fbxo5/Stil/Stxbp4/Brd4/Rad51b",12
"GO:0051052","GO:0051052","regulation of DNA metabolic process","26/407","475/18481",2.10694423254104e-05,0.000727999397681799,0.000676123156728208,"Ccna2/Bax/Hmgb2/Aurkb/Slfn13/Nek2/Hmga2/Esco2/Cdk1/Foxm1/Hils1/Rad51/Cdt1/Gmnn/Fbxo5/E2f8/Npas2/Dscc1/Parpbp/Ddx11/Polq/Aunip/Ereg/Eya2/Rad17/Rpa2",26
"GO:0007131","GO:0007131","reciprocal meiotic recombination","8/407","54/18481",2.2147635115868e-05,0.000750949721498776,0.000697438071873029,"Top2a/Hfm1/Trip13/Chtf18/Fancd2/Rad51/Rad54b/Eme1",8
"GO:0140527","GO:0140527","reciprocal homologous recombination","8/407","54/18481",2.2147635115868e-05,0.000750949721498776,0.000697438071873029,"Top2a/Hfm1/Trip13/Chtf18/Fancd2/Rad51/Rad54b/Eme1",8
"GO:0035825","GO:0035825","homologous recombination","8/407","55/18481",2.54247858690176e-05,0.000854084473451814,0.00079322358252169,"Top2a/Hfm1/Trip13/Chtf18/Fancd2/Rad51/Rad54b/Eme1",8
"GO:0007064","GO:0007064","mitotic sister chromatid cohesion","6/407","28/18481",2.74650948740269e-05,0.000914159304614401,0.000849017563416323,"Cdc20/Bub1/Esco2/Sgo1/Pttg1/Dscc1",6
"GO:0006268","GO:0006268","DNA unwinding involved in DNA replication","5/407","20/18481",5.96383091590037e-05,0.00195374798787688,0.00181452657958391,"Mcm5/Mcm7/Rad51/Gins1/Recql4",5
"GO:1902806","GO:1902806","regulation of cell cycle G1/S phase transition","14/407","184/18481",5.97756413049433e-05,0.00195374798787688,0.00181452657958391,"Rrm2/Gpnmb/Slfn13/Fam83d/Ccl2/Kif14/Stil/Stxbp4/Dact1/Appl1/Necab3/Rpa2/Ppp2ca/Plk5",14
"GO:0000724","GO:0000724","double-strand break repair via homologous recombination","13/407","162/18481",6.33180376719797e-05,0.00205105214887449,0.00190489697921059,"Mcm5/Rpa1/Mcm7/Mms22l/Rad51/Recql4/Rad54l/Parpbp/Rad54b/Polq/Aunip/Rad51b/Rpa2",13
"GO:0070601","GO:0070601","centromeric sister chromatid cohesion","4/407","11/18481",6.76565515216635e-05,0.00215314007825083,0.00199971026242701,"Bub1/Bub1b/Sgo1/Sgo2",4
"GO:1904146","GO:1904146","positive regulation of meiotic cell cycle process involved in oocyte maturation","4/407","11/18481",6.76565515216635e-05,0.00215314007825083,0.00199971026242701,"Cdc20/Mastl/Aurka/Cdk1",4
"GO:1901992","GO:1901992","positive regulation of mitotic cell cycle phase transition","10/407","100/18481",7.12792853793097e-05,0.00224870649874901,0.00208846675056449,"Cdc20/Rrm2/Cenpe/Cdk1/Ube2c/Birc5/Fbxo5/Stil/Brd4/Rad51b",10
"GO:0006275","GO:0006275","regulation of DNA replication","11/407","123/18481",8.74489366684251e-05,0.00273504088131936,0.00254014561048665,"Ccna2/Slfn13/Esco2/Cdk1/Cdt1/Gmnn/Fbxo5/E2f8/Dscc1/Ereg/Rad17",11
"GO:0000082","GO:0000082","G1/S transition of mitotic cell cycle","15/407","218/18481",0.000103291478863749,0.00320291867792889,0.0029746830755093,"Rrm2/Gpnmb/Slfn13/Iqgap3/Ccl2/Kif14/Stil/Dact1/Appl1/Brd4/Necab3/Rpa2/Ppp2ca/Myb/Plk5",15
"GO:0010389","GO:0010389","regulation of G2/M transition of mitotic cell cycle","10/407","106/18481",0.00011670217451797,0.0035880973656881,0.00333241445702072,"Plk1/Cenpf/Aurkb/Cdk1/Rnaseh2b/Fbxo5/Kif14/Brd4/Rad51b/Rad17",10
"GO:0045005","GO:0045005","DNA-templated DNA replication maintenance of fidelity","7/407","52/18481",0.000135807803706003,0.00414042614996117,0.00384538504788072,"Fam111a/Slfn13/Mms22l/Rad51/Traip/Ddx11/Eme1",7
"GO:1901976","GO:1901976","regulation of cell cycle checkpoint","6/407","37/18481",0.000143359405714134,0.00433423269942399,0.00402538120781529,"Ndc80/Prox1/Knl1/Rnaseh2b/Brd4/Rpa2",6
"GO:0008156","GO:0008156","negative regulation of DNA replication","5/407","24/18481",0.000152050507581335,0.00455900199590979,0.00423413375178646,"Slfn13/Cdt1/Gmnn/Fbxo5/Rad17",5
"GO:0031570","GO:0031570","DNA integrity checkpoint signaling","11/407","132/18481",0.000164665931364825,0.0048967868769802,0.00454784854442454,"Plk1/Cdk1/Fancd2/Cdt1/Rnaseh2b/Dtx3l/Eme1/Brd4/Necab3/Rad17/Rpa2",11
"GO:0001556","GO:0001556","oocyte maturation","7/407","54/18481",0.000173117777436595,0.00510627070357696,0.00474240484017578,"Cdc20/Mastl/Trip13/Aurka/Cdk1/Fbxo5/Ereg",7
"GO:2000045","GO:2000045","regulation of G1/S transition of mitotic cell cycle","12/407","156/18481",0.000179662070859503,0.00525656446030868,0.0048819888694505,"Rrm2/Gpnmb/Slfn13/Ccl2/Kif14/Stil/Dact1/Appl1/Necab3/Rpa2/Ppp2ca/Plk5",12
"GO:0007098","GO:0007098","centrosome cycle","11/407","135/18481",0.000200780900643253,0.00578121513915652,0.00536925365880578,"Kifc1/Plk1/Ndc80/Cep85/Ccnf/Nek2/Aurka/Sgo1/Stil/Pard6b/Poc1a",11
"GO:0045931","GO:0045931","positive regulation of mitotic cell cycle","11/407","135/18481",0.000200780900643253,0.00578121513915652,0.00536925365880578,"Cdc20/Rrm2/Cenpe/Aurka/Cdk1/Ube2c/Birc5/Fbxo5/Stil/Brd4/Rad51b",11
"GO:0007019","GO:0007019","microtubule depolymerization","7/407","57/18481",0.000244221628288592,0.00697666194827567,0.00647951456404295,"Tpx2/Ckap2/Kif2c/Stmn1/Kif18b/Map2/Kif24",7
"GO:0006284","GO:0006284","base-excision repair","6/407","42/18481",0.000294836062175736,0.00835675963729351,0.00776126838013594,"Hmga1/Rpa1/Hmga2/Polq/Neil3/Rpa2",6
"GO:1902749","GO:1902749","regulation of cell cycle G2/M phase transition","10/407","120/18481",0.0003239368436635,0.00911040983574557,0.00846121449666964,"Plk1/Cenpf/Aurkb/Cdk1/Rnaseh2b/Fbxo5/Kif14/Brd4/Rad51b/Rad17",10
